,scongested,iyoy
35,0,-0.3670518440000001
36,0,-0.6365394529999999
37,1,-0.20650947099999994
38,0,0.3447726149999999
39,0,-0.38318651599999987
40,1,0.412465015
