,syoy,iyoy
35,-1.4659478299999975,-0.3670518440000001
36,-1.0478379899999979,-0.6365394529999999
37,0.17111738999999915,-0.20650947099999994
38,-0.19007677999999828,0.3447726149999999
39,-0.9608843400000069,-0.38318651599999987
40,0.6881325700000005,0.412465015
